AMBIENT_TEMPERATURE,MODULE_TEMPERATURE,IRRADIATION,EXCESS_TEMPERATURE,DAILY_YIELD
25.18431613,22.8575074,0,-2.32680873,0
25.08458867,22.76166787,0,-2.3229208,0
24.9357526,22.59230553,0,-2.34344707,0
24.8461304,22.36085213,0,-2.48527827,0
24.62152536,22.16542264,0,-2.45610272,0
24.5360922,21.96857087,0,-2.56752133,0
24.63867387,22.35292567,0,-2.2857482,0
24.87302233,23.1609192,0,-1.71210313,0
24.93693047,23.026113,0,-1.91081747,0
25.0122476,23.34322927,0,-1.66901833,0
25.00514933,23.63945927,0,-1.36569006,0
24.99301953,24.0394858,0,-0.95353373,0
25.01630943,24.38413557,0,-0.63217386,0
24.98521527,24.35150773,0,-0.63370754,0
24.93773193,24.06029653,0,-0.8774354,0
24.87909953,23.70979413,0,-1.1693054,0
24.6789022,22.58994153,0,-2.08896067,0
24.3519308,21.78364253,0,-2.56828827,0
24.0626222,21.85252493,0,-2.21009727,0
24.0132242,22.306315,0,-1.7069092,0
24.1771058,22.55190847,0,-1.62519733,0
24.304888,22.97949207,0,-1.32539593,0
24.32872727,23.45238047,0,-0.8763468,0
24.28921113,23.09669193,0.000862721,-1.1925192,0
24.08844607,22.2067566,0.005886957,-1.88168947,0
24.01163527,22.35345867,0.022281607,-1.6581766,2.625
23.97673127,22.893282,0.049409724,-1.08344927,13.28571429
24.21899,24.44244393,0.095394454,0.22345393,34.875
24.5373984,27.18565287,0.141940443,2.64825447,72.71428571
24.8159595,28.88847786,0.154712676,4.07251836,116.25
24.98878987,29.6056438,0.148799153,4.61685393,162.4285714
25.21618033,29.54711093,0.144793419,4.3309306,206.375
25.41951307,31.41254473,0.201638621,5.99303166,263.5714286
25.95908213,35.5287108,0.345707653,9.56962867,359.875
26.43078207,40.3180586,0.405348573,13.88727653,464
26.8318298,39.08195373,0.312426795,12.25012393,556.125
27.6209698,45.0092326,0.623152649,17.3882628,688.8571429
27.98836207,46.6177065,0.344884036,18.62934443,811.625
27.51672787,39.136326,0.2492484,11.61959813,886.5714286
27.45010767,40.93057693,0.541205977,13.48046926,991.4285714
28.63219187,52.5477356,0.670675372,23.91554373,1161.25
28.76891273,47.633738,0.572283477,18.86482527,1307.571429
29.3514426,49.24972327,0.455148383,19.89828067,1440
28.85470787,44.0483256,0.361961654,15.19361773,1549
29.41081933,47.6854534,0.636560881,18.27463407,1693
30.21606229,50.00698857,0.585787214,19.79092628,1843.714286
30.2870728,49.8413636,0.557069383,19.5542908,1994.5
30.81104933,47.8363832,0.467986869,17.02533387,2155
31.30537507,49.18358353,0.514962587,17.87820846,2382.875
31.50729773,49.84449267,0.787866029,18.33719494,2614.571429
32.14768473,52.35325513,0.649247629,20.2055704,2860
32.3914204,50.63123993,0.761243312,18.23981953,3062
32.62279607,49.61076771,0.416035101,16.98797164,3223.25
32.49706447,47.01116133,0.489243946,14.51409686,3384.857143
32.5246214,46.66986293,0.574561224,14.14524153,3543
32.67847087,47.51688413,0.560985624,14.83841326,3726.875
33.7631854,49.80390433,0.735083463,16.04071893,3936.714286
34.13076993,55.030613,0.893661491,20.89984307,4191
34.08138427,54.51913673,0.466788824,20.43775246,4398.142857
33.69572221,47.61819464,0.542138496,13.92247243,4528.5
33.89057607,46.0290812,0.398888543,12.13850513,4697.714286
34.043744,44.28609193,0.447292149,10.24234793,4840.25
34.40285233,46.7442812,0.565196397,12.34142887,5016.142857
34.43094267,43.9206158,0.346230693,9.48967313,5137.75
34.38115033,43.33285333,0.35818237,8.951703,5275.285714
34.12625693,41.00743193,0.328896119,6.881175,5369.125
34.35660993,41.28059067,0.344954196,6.92398074,5477.714286
33.86159653,39.41907593,0.260346758,5.5574794,5571.75
33.44331357,36.82670364,0.166812741,3.38339007,5637.142857
33.30025473,35.8522074,0.173898637,2.55195267,5687.75
33.0321222,34.3384004,0.08716189,1.3062782,5719
32.31187113,31.54853933,0.038403034,-0.7633318,5739.75
31.13241364,30.225331,0.022544936,-0.90708264,5749.285714
29.24311093,28.6825074,0.009149945,-0.56060353,5753.142857
28.495518,27.28599227,0.001841025,-1.20952573,5754
27.8840638,25.96194653,0,-1.92211727,5754
27.4559754,25.38531307,0,-2.07066233,5754
27.0975484,25.2008464,0,-1.896702,5754
27.01870113,25.74526773,0.000125383,-1.2734334,5754
23.78723747,22.5114056,0.00010022,-1.27583187,5754
22.66317964,20.29072571,0,-2.37245393,5754
23.41209707,20.73659667,0,-2.6755004,5754
22.30098867,20.37541693,0,-1.92557174,5754
22.0374816,20.31280513,0,-1.72467647,5754
22.16851807,20.6512674,0,-1.51725067,5754
22.1193604,20.6320862,0,-1.4872742,5754
22.22125033,20.75869967,0,-1.46255066,5754
22.23682847,20.91441667,0,-1.3224118,5754
22.22185843,20.89570393,0,-1.3261545,5754
22.14931253,20.73218587,0,-1.41712666,5754
22.10471387,20.82985207,0,-1.2748618,5754
22.05707993,21.07227567,0,-0.98480426,5754
22.23601831,21.24131654,0,-0.99470177,5754
21.68216,20.072144,0,-1.610016,0
21.6884114,19.9192038,0,-1.7692076,0
21.51040853,19.59269193,0,-1.9177166,0
21.496287,19.6248698,0,-1.8714172,0
21.6459126,20.06520593,0,-1.58070667,0
21.6743142,20.11216013,0,-1.56215407,0
21.73142093,20.351884,0,-1.37953693,0
21.78016573,20.50589407,0,-1.27427166,0
21.85855536,20.81391043,0,-1.04464493,0
21.89991073,20.71264033,0,-1.1872704,0
21.92704853,20.72603773,0,-1.2010108,0
22.0286844,20.79640287,0,-1.23228153,0
21.93278,20.6822592,0,-1.2505208,0
21.86625167,20.47236933,0,-1.39388234,0
21.87658507,20.76019287,0,-1.1163922,0
21.95998927,20.5434348,0.000147169,-1.41655447,0
21.9232375,20.25681407,0.006205959,-1.66642343,0
21.8604004,20.4303872,0.023633737,-1.4300132,3.875
21.98583367,21.195638,0.049514968,-0.79019567,15.14285714
22.13967073,22.18941033,0.079269643,0.0497396,36.125
22.45271393,23.1112346,0.109037968,0.65852067,66.28571429
22.6524518,24.24170127,0.138115452,1.58924947,106.375
22.97513853,25.66848753,0.174117525,2.693349,157.4285714
23.38855407,27.93747607,0.243642806,4.548922,223.625
23.8905234,30.79129613,0.298052989,6.90077273,315.2857143
24.42785433,33.0092104,0.338650411,8.58135607,420
25.16689847,36.6061888,0.427548953,11.43929033,542.1428571
25.75717567,38.89201073,0.470081485,13.13483506,689.25
25.99942227,38.70590013,0.461185769,12.70647786,838.1428571
26.29700733,39.34378447,0.41958991,13.04677714,962
26.59366867,39.87995233,0.420493884,13.28628366,1099
27.03096947,41.82566533,0.540593679,14.79469586,1247.142857
27.61135453,46.07265193,0.491453022,18.4612974,1437.25
27.93121329,44.468571,0.469728831,16.53735771,1618.857143
28.2829874,48.962665,0.654436842,20.6796776,1826.125
28.78232633,50.154118,0.595521375,21.37179167,2066.285714
29.1554974,49.15606887,0.575263897,20.00057147,2264.5
29.3643758,48.12385467,0.542374875,18.75947887,2457.428571
29.6892496,46.51825533,0.493430553,16.82900573,2639
29.8473918,47.0438902,0.62278731,17.1964984,2832.142857
30.08986207,50.09181933,0.662004302,20.00195726,3048.5
30.37689871,48.67528186,0.540425129,18.29838315,3237.571429
30.8864686,50.44957047,0.76711941,19.56310187,3450.125
31.2210448,54.23274553,0.812240641,23.01170073,3711.857143
31.31397713,52.8518024,0.636164586,21.53782527,3956.625
31.66299653,52.0534832,0.733243599,20.39048667,4195
31.61725667,49.747872,0.583864739,18.13061533,4425.142857
31.3661072,47.2997298,0.502392484,15.9336226,4612.5
31.42362873,46.57489593,0.435684946,15.1512672,4787.285714
31.98976833,47.82889013,0.595977137,15.8391218,4947.5
32.24326421,48.35548621,0.534500986,16.112222,5136
32.3501976,46.20359727,0.514964407,13.85339967,5305.625
32.43687973,45.77020907,0.503626383,13.33332934,5473.857143
32.52414947,45.84053753,0.419735824,13.31638806,5629.125
32.3280254,43.17009267,0.349962358,10.84206727,5757.571429
32.10339147,39.81443887,0.261408532,7.7110474,5858.75
32.02910173,37.712012,0.227681253,5.68291027,5942.285714
31.9597596,36.30115747,0.191869824,4.34139787,6012.5
31.90710457,35.77269607,0.175596984,3.8655915,6075
31.88745533,34.78123607,0.150128168,2.89378074,6129.75
31.74708247,33.73915807,0.133743208,1.9920756,6179
31.54080187,32.7458964,0.109053603,1.20509453,6217
31.30016687,31.59976787,0.079587311,0.299601,6250.25
31.0485982,30.12416173,0.050450764,-0.92443647,6272.571429
30.31168413,28.36227433,0.026212863,-1.9494098,6285.5
29.54822573,26.94033807,0.008812281,-2.60788766,6291.428571
28.97306333,25.9079486,0.00035945,-3.06511473,6292
28.6859842,25.50321853,0,-3.18276567,6292
28.31019579,25.37907214,0,-2.93112365,6292
27.9578898,25.1996236,0,-2.7582662,6292
27.57085773,25.1651774,0,-2.40568033,6292
27.256431,24.9509702,0,-2.3054608,6292
26.9411986,24.4972452,0,-2.4439534,6292
26.70199373,24.07971407,0,-2.62227966,6292
26.483793,23.82730513,0,-2.65648787,6292
26.31202486,23.62220114,0,-2.68982372,6292
26.0082478,23.32152507,0,-2.68672273,6292
25.61655473,22.952588,0,-2.66396673,6292
25.28644193,22.64899693,0,-2.637445,6292
25.1239094,22.43270273,0,-2.69120667,6292
25.0534728,22.2860412,0,-2.7674316,6292
24.8400106,22.0829142,0,-2.7570964,6292
24.61206653,21.97715853,0,-2.634908,6292
24.49298086,22.05269729,0,-2.44028357,6292
24.46162507,22.18635247,0,-2.2752726,6292
24.39256807,22.2029236,0,-2.18964447,6292
24.3780212,22.11262207,0,-2.26539913,6292
24.2493468,21.81421107,0,-2.43513573,6292
24.17016593,21.63149,0,-2.53867593,0
24.01153147,21.6482788,0,-2.36325267,0
23.8949484,21.48822633,0,-2.40672207,0
23.936809,21.51564464,0,-2.42116436,0
23.87931507,21.53955707,0,-2.339758,0
23.75795087,21.39526567,0,-2.3626852,0
23.73213194,21.87146944,0,-1.8606625,0
23.72653607,21.64628907,0,-2.080247,0
23.5248778,21.33722527,0,-2.18765253,0
23.45815413,21.35768833,0,-2.1004658,0
23.3887412,21.38264987,0,-2.00609133,0
23.26528493,21.25517264,0,-2.01011229,0
23.3172954,21.50079127,0,-1.81650413,0
23.2138916,21.4639018,0,-1.7499898,0
22.9518738,20.87708947,0,-2.07478433,0
22.941931,20.8091066,0,-2.1328244,0
22.86391193,20.7552002,0,-2.10871173,0
22.82215787,20.88553047,0,-1.9366274,0
22.8671814,21.15483607,0,-1.71234533,0
22.74696047,21.0750916,0,-1.67186887,0
22.56799927,20.84764007,0,-1.7203592,0
22.57251407,20.91312521,0,-1.65938886,0
22.5491474,21.07022893,0,-1.47891847,0
22.5879394,21.22639153,0.000333455,-1.36154787,0
22.69311313,21.41633907,0.004784626,-1.27677406,0
22.79481627,21.68954673,0.012349708,-1.10526954,1.25
22.68567307,21.89033827,0.034180881,-0.7953348,7.142857143
22.94856573,22.59763193,0.067904608,-0.3509338,21.125
23.29249893,23.8324564,0.106996056,0.53995747,46.28571429
23.61099233,25.83404733,0.196433397,2.223055,90.25
23.90845814,27.4991695,0.221922492,3.59071136,148.7142857
24.33187667,30.97835493,0.322464755,6.64647826,234
25.0617614,34.63271467,0.378702412,9.57095327,349.4285714
25.64680373,37.81797673,0.383550269,12.171173,469.375
26.14622593,40.32618213,0.416975347,14.1799562,588.5714286
27.0309326,44.45619293,0.561811632,17.42526033,738.875
27.683191,48.176432,0.576084459,20.493241,919.1428571
27.98594029,45.11740971,0.441706429,17.13146942,1060.875
28.59910273,46.90497853,0.626964662,18.3058758,1252.714286
29.23562,49.9406148,0.772358071,20.7049948,1448.571429
30.09131267,52.08946933,0.753537445,21.99815666,1679.375
30.02618813,48.93250113,0.717545169,18.906313,1888.714286
30.15890107,50.7184002,0.685881602,20.55949913,2128.25
31.06742553,55.4462772,0.855109075,24.37885167,2397.714286
31.16485807,55.28936173,0.812389053,24.12450366,2663.5
31.53113,60.20856953,0.997903636,28.67743953,2945.142857
32.31780807,63.14558157,0.97745754,30.8277735,3217.5
32.5278644,61.8019916,0.869908956,29.2741272,3483
32.49596767,56.10107627,0.635450962,23.6051086,3653.375
32.98554907,55.0942282,0.783589389,22.10867913,3836.857143
33.10833713,56.4158632,0.669670513,23.30752607,4067
33.6491878,56.55667753,0.837124353,22.90748973,4279.142857
33.88692627,53.80755813,0.422498875,19.92063186,4515
33.05344033,43.3909484,0.451771234,10.33750807,4636.714286
33.727413,54.2896504,0.742889743,20.5622374,4895.375
34.05229864,52.02791714,0.625084994,17.9756185,5088.428571
34.48483913,55.32990507,0.697772575,20.84506594,5324.125
34.30416453,47.85390453,0.431178431,13.54974,5459.714286
34.02411533,44.90596927,0.315089903,10.88185394,5545.857143
34.14708273,47.63582767,0.659827118,13.48874494,5698.375
35.10977173,54.05481967,0.683636201,18.94504794,5937.285714
35.25248613,49.98867167,0.510241673,14.73618554,6119.125
34.98165257,49.41860521,0.590900486,14.43695264,6303
34.6127872,43.38971593,0.289312882,8.77692873,6429.75
34.737508,44.04532647,0.453365883,9.30781847,6562.428571
31.03193886,39.52693836,0.338433116,8.4949995,6669.857143
29.56562293,36.2766234,0.291312887,6.71100047,6764.142857
29.36376953,35.6045024,0.257869254,6.24073287,6857.75
28.75074867,32.94330453,0.14100155,4.19255586,6923.142857
28.2966472,30.6336732,0.117034171,2.337026,6965.25
27.60173907,29.47836743,0.094512842,1.87662836,7000.714286
26.7289,27.917517,0.061722936,1.188617,7026.75
26.35418707,26.4137554,0.023625548,0.05956833,7039
26.1361226,25.3737672,0.010367788,-0.7623554,7043.75
26.14108673,25.04768067,0.00083712,-1.09340606,7045
25.9966144,24.61709587,0,-1.37951853,7045
25.8602378,24.0412028,0,-1.819035,7045
25.98387433,24.02473347,0,-1.95914086,7045
25.90812167,24.07766727,0,-1.8304544,7045
25.81638657,24.16028707,0,-1.6560995,7045
25.67117727,24.32260127,0,-1.348576,7045
25.50143227,23.83279847,0,-1.6686338,7045
25.29024047,23.78933507,0,-1.5009054,7045
25.28608,24.1300782,0,-1.1560018,7045
25.3820984,24.566923,0,-0.8151754,7045
22.50401007,21.09329027,0,-1.4107198,7045
21.50778593,20.427958,0,-1.07982793,7045
21.29480636,20.37712093,0,-0.91768543,7045
21.23754673,20.449766,0,-0.78778073,7045
21.26081347,20.511558,0,-0.74925547,7045
21.314433,20.63365873,0,-0.68077427,7045
21.31589153,20.69088327,0,-0.62500826,7045
21.2205322,20.5905884,0,-0.6299438,7045
21.21657507,20.6353922,0,-0.58118287,7045
21.273112,20.63249327,0,-0.64061873,7045
21.20941829,20.56311471,0,-0.64630358,7045
21.1556906,20.59939973,0,-0.55629087,0
21.0414368,20.47596227,0,-0.56547453,0
21.14206753,20.531305,0,-0.61076253,0
21.13725773,20.53331707,0,-0.60394066,0
21.07079267,20.48064787,0,-0.5901448,0
20.98966467,20.38562407,0,-0.6040406,0
20.983842,20.376831,0,-0.607011,0
21.02700587,20.3931762,0,-0.63382967,0
20.96934314,20.333884,0,-0.63545914,0
21.00723073,20.224764,0,-0.78246673,0
21.13065793,20.224632,0,-0.90602593,0
21.2112,20.25803233,0,-0.95316767,0
21.25834353,20.34683027,0,-0.91151326,0
21.35109453,20.8456686,0,-0.50542593,0
21.37037567,21.00739133,0,-0.36298434,0
21.3891804,20.86159873,0,-0.52758167,0
21.4589906,20.88282673,0,-0.57616387,0
21.18773193,20.36523033,0,-0.8225016,0
21.03696543,19.75568707,0,-1.28127836,0
20.96152547,19.47753107,0,-1.4839944,0
21.00024833,19.77851767,0,-1.22173066,0
21.12766127,20.065865,0,-1.06179627,0
21.19439307,20.01042267,0,-1.1839704,0
21.26538713,19.97623313,0.000519966,-1.289154,0
21.30836173,20.28832387,0.008594149,-1.02003786,0.125
21.43149827,20.859558,0.028366829,-0.57194027,5
21.61032329,21.56044657,0.053956136,-0.04987672,17.75
21.6726298,22.11884373,0.080550228,0.44621393,40
21.8345074,23.14069627,0.117545573,1.30618887,71.75
22.19873053,25.31902047,0.187030046,3.12028994,121.7142857
22.69612427,28.3609558,0.244623029,5.66483153,194.75
23.10963947,29.0602518,0.119259876,5.95061233,253.4285714
23.23228947,26.9630168,0.082955804,3.73072733,284.1428571
23.33721907,26.20634773,0.089748178,2.86912866,313.5
23.50864867,26.8290996,0.118092295,3.32045093,351.2857143
23.5459355,27.599182,0.124644065,4.0532465,394.75
23.7412598,27.86075853,0.115434983,4.11949873,439.5714286
23.763322,27.50717767,0.110408298,3.74385567,479.375
23.76201373,27.19713127,0.09638069,3.43511754,517.7142857
23.76213573,26.63055,0.099295162,2.86841427,551.625
23.8746256,26.81340947,0.112813087,2.93878387,590.2857143
23.838385,27.24008373,0.142246735,3.40169873,635
24.00694767,28.83434853,0.20888875,4.82740086,695.4285714
24.32454136,32.96467593,0.374390925,8.64013457,795.25
24.86980793,37.5372804,0.434904685,12.66747247,936.1428571
25.1295838,39.55242313,0.484750587,14.42283933,1092.625
25.28966667,38.92812507,0.351465055,13.6384584,1232.428571
25.21516727,37.6112162,0.414883193,12.39604893,1359.125
25.70663053,41.3690166,0.562312991,15.66238607,1522.714286
26.31050207,46.14880593,0.603215169,19.83830386,1722.75
26.84059667,45.97044667,0.593243723,19.12985,1913.857143
26.93235467,44.0610454,0.551129845,17.12869073,2084.714286
27.01900433,45.00250027,0.567369825,17.98349594,2270.375
27.12312521,43.86432764,0.722826824,16.74120243,2450
27.371873,49.5876018,0.806846928,22.2157288,2709.125
27.86127913,52.84501127,0.97148052,24.98373214,2996
28.36710007,53.9367392,0.723553221,25.56963913,3275.25
27.71798707,42.51535053,0.344136892,14.79736346,3425.857143
27.39025473,39.45489507,0.453461884,12.06464034,3564.375
27.21775093,38.819875,0.438681375,11.60212407,3706.142857
27.2929586,41.94669767,0.547869178,14.65373907,3875.25
27.22515273,42.82454407,0.555787044,15.59939134,4047.571429
27.56823729,43.82351471,0.52508064,16.25527742,4229.75
27.81418253,43.05421947,0.496169466,15.24003694,4397.857143
27.82351667,40.7451396,0.412797453,12.92162293,4548
27.47942707,37.63392773,0.299364092,10.15450066,4665.285714
27.23083093,34.6317082,0.256806571,7.40087727,4753.25
27.04886893,32.78221633,0.197191599,5.7333474,4828.285714
26.624064,30.85439253,0.149280075,4.23032853,4882.428571
26.43403727,29.21453033,0.110969012,2.78049306,4927
26.11982736,27.81455536,0.077580451,1.694728,4959.285714
25.6725036,26.49233807,0.050966364,0.81983447,4980.625
25.25038867,25.3468934,0.030790156,0.09650473,4994.142857
24.9734254,24.41195067,0.013907364,-0.56147473,4998
24.74629313,23.71588747,0.0019181,-1.03040566,4998
24.62904473,23.3245056,0,-1.30453913,4998
24.54129027,23.18553867,0,-1.3557516,4998
24.49840287,23.09755253,0,-1.40085034,4998
24.46612553,23.02815967,0,-1.43796586,4998
24.412616,22.99632967,0,-1.41628633,4998
24.3377575,22.61223907,0,-1.72551843,4998
24.16977133,21.92688407,0,-2.24288726,4998
24.05134873,21.94336347,0,-2.10798526,4998
23.8982564,21.72869253,0,-2.16956387,4998
23.72655033,21.56317947,0,-2.16337086,4998
23.63282467,21.52640393,0,-2.10642074,4998
23.64455967,21.49699907,0,-2.1475606,4998
23.30395107,21.16139933,0,-2.14255174,4998
23.08884287,20.913444,0,-2.17539887,4998
22.91332114,20.75988114,0,-2.15344,4998
22.8502136,20.73205367,0,-2.11815993,4998
22.8157798,20.72792367,0,-2.08785613,4998
22.78746947,20.8693136,0,-1.91815587,4998
22.8566712,21.08595573,0,-1.77071547,4998
22.75057587,20.81638587,0,-1.93419,4998
22.62100427,20.6383708,0,-1.98263347,4998
22.6109822,20.60990593,0,-2.00107627,624.75
22.54899814,20.52987657,0,-2.01912157,0
22.55304973,20.4879678,0,-2.06508193,0
22.56621713,20.4848938,0,-2.08132333,0
22.6252198,20.58671073,0,-2.03850907,0
22.59546307,20.62707733,0,-1.96838574,0
22.5935506,20.69703187,0,-1.89651873,0
22.701711,20.7254476,0,-1.9762634,0
22.759263,20.750472,0,-2.008791,0
22.81407379,20.77135579,0,-2.042718,0
22.8776184,20.8114706,0,-2.0661478,0
22.93003147,20.8492228,0,-2.08080867,0
22.95343633,20.8419148,0,-2.11152153,0
23.00230913,20.79196993,0,-2.2103392,0
23.0468344,20.81230067,0,-2.23453373,0
23.070223,20.8081972,0,-2.2620258,0
23.08274327,20.7709128,0,-2.31183047,0
23.19221279,20.85324321,0,-2.33896958,0
23.21819867,20.8823874,0,-2.33581127,0
23.2693624,20.983366,0,-2.2859964,0
23.35167647,21.25187373,0,-2.09980274,0
23.34258833,21.2198508,0,-2.12273753,0
23.19291173,20.93427533,0,-2.2586364,0
23.14720047,21.20465293,0.000318318,-1.94254754,0
23.2813864,21.91976527,0.004313752,-1.36162113,0
23.34448021,22.34245743,0.009697122,-1.00202278,0.75
23.42726453,22.55323487,0.012650073,-0.87402966,4
23.5877664,22.9655782,0.046752242,-0.6221882,10.85714286
24.034554,24.97640393,0.172012464,0.94184993,48.125
24.50535293,27.03367107,0.187506619,2.52831814,108.7142857
24.80741787,29.58163647,0.18865498,4.7742186,166.5
25.04675513,31.10614627,0.235115639,6.05939114,226.2857143
25.17937227,30.78227753,0.131211553,5.60290526,286
25.18879693,30.10746564,0.194091544,4.91866871,328
25.61507167,33.97249173,0.2977888,8.35742006,415.125
25.79166053,34.81573467,0.273515047,9.02407414,503.5714286
26.1215332,36.85808507,0.386892012,10.73655187,615.125
26.49552187,39.63697713,0.424118103,13.14145526,742.8571429
27.32275993,45.7407144,0.646547489,18.41795447,918.5
27.51964327,46.13010867,0.526110615,18.6104654,1088
27.60525313,43.14886267,0.492165963,15.54360954,1219.625
27.712921,43.05118657,0.592493581,15.33826557,1364.142857
27.89099327,44.39553447,0.511036221,16.5045412,1543.5
27.81567373,43.8632324,0.601559176,16.04755867,1699.142857
28.1994974,48.01419867,0.813000858,19.81470127,1891.142857
28.47857053,47.685272,0.499473274,19.20670147,2118.5
28.08173375,40.72512413,0.283390025,12.64339038,2230.75
29.64466367,49.07784,0.73832813,19.43317633,3279
29.9514374,51.4083098,0.835832152,21.4568724,3455.5
30.1058454,51.84774173,0.701943301,21.74189633,3668.428571
29.9082072,49.460659,0.547354847,19.5524518,3891.875
29.60315553,44.5125144,0.530693649,14.90935887,4062.142857
29.98547573,48.13686327,0.721258494,18.15138754,4271.625
29.9116638,49.1889056,0.644802365,19.2772418,4488.428571
30.11147636,49.456279,0.682421116,19.34480264,4698.25
30.29932047,50.3594666,0.730578768,20.06014613,4926.857143
30.368632,50.099892,0.702796554,19.73126,5148.714286
30.22064013,46.65866707,0.527470392,16.43802694,5354.75
30.03545133,43.3170714,0.432471065,13.28162007,5508.571429
29.78514187,40.8995442,0.450067605,11.11440233,5639
29.76168613,40.82955953,0.379865905,11.0678734,5781.714286
29.7693278,40.70181653,0.461575615,10.93248873,5912.25
29.91129607,41.1940265,0.390415037,11.28273043,6051
29.6577312,39.18270073,0.328667841,9.52496953,6168
29.37371827,36.96112067,0.263936741,7.5874024,6264.857143
29.09653113,34.4538818,0.189260894,5.35735067,6339
28.59915553,31.82115473,0.127806749,3.2219992,6389.142857
28.11065073,29.98121347,0.08722808,1.87056274,6423.25
27.6489196,28.5470478,0.037750824,0.8981282,6444.714286
25.0463766,25.42619827,0.001575294,0.37982167,6449
23.2004924,22.07221267,0.000328634,-1.12827973,6449
22.54317143,20.73624307,0,-1.80692836,6449
22.47501213,20.73757527,1.60E-05,-1.73743686,6449
22.45028487,20.74547933,0,-1.70480554,6449
22.51024367,20.68572393,0,-1.82451974,6449
22.54768473,20.47412927,0,-2.07355546,6449
22.49002507,20.33348573,0,-2.15653934,6449
22.38878387,20.06214393,0,-2.32663994,6449
22.85917553,20.22864187,0,-2.63053366,6449
23.40488067,20.62076813,0,-2.78411254,6449
23.8672628,21.101176,0,-2.7660868,6449
24.02257421,21.44992936,0,-2.57264485,6449
24.0037862,21.4630168,0,-2.5407694,6449
23.94289547,21.38899133,0,-2.55390414,6449
23.8231872,21.24833567,0,-2.57485153,6449
23.6713298,21.18211053,0,-2.48921927,6449
23.7010498,21.558252,0,-2.1427978,6449
23.56072993,21.31796673,0,-2.2427632,6449
23.3931456,21.10627453,0,-2.28687107,6449
23.23081673,20.72144773,0,-2.509369,6449
22.91665021,20.36806814,0,-2.54858207,6449
22.7879172,20.3267742,0,-2.461143,6449
22.63849287,20.2964478,0,-2.34204507,6449
22.46528513,20.11112267,0,-2.35416246,806.125
22.2552064,20.1101744,0,-2.145032,0
22.21713867,20.21119187,0,-2.0059468,0
22.22257087,20.01264653,0,-2.20992434,0
22.19119053,20.03607173,0,-2.1551188,0
22.18174964,19.99805779,0,-2.18369185,0
22.11587533,19.7206116,0,-2.39526373,0
22.15591827,19.79517013,0,-2.36074814,0
22.17514033,19.72852167,0,-2.44661866,0
21.9675416,19.43995967,0,-2.52758193,0
21.9609742,19.38235853,0,-2.57861567,0
21.9418578,19.3043924,0,-2.6374654,0
21.921218,19.33031207,0,-2.59090593,0
22.00941686,19.45787921,0,-2.55153765,0
22.00979013,19.52385047,0,-2.48593966,0
22.108852,19.497703,0,-2.611149,0
22.13360207,19.5210266,0,-2.61257547,0
22.15695393,19.55076907,0,-2.60618486,0
22.11961067,19.46474613,0,-2.65486454,0
22.07885747,19.3471294,0,-2.73172807,0
21.985909,19.16896553,0,-2.81694347,0
22.0098816,19.14583533,0,-2.86404627,0
21.88361693,18.82454336,0,-3.05907357,0
21.50681967,18.49234007,1.47E-05,-3.0144796,0
21.3480144,18.81170033,0.009011726,-2.53631407,0.285714286
21.70994887,19.53730067,0.032105555,-2.1726482,6.5
21.99652107,20.09438087,0.051038103,-1.9021402,20
22.1559958,20.62310193,0.071391635,-1.53289387,38.875
22.4990804,21.7430604,0.132038856,-0.75602,68
22.93633213,23.89643347,0.198912893,0.96010134,116.75
23.43454843,26.33118107,0.264012418,2.89663264,185.5714286
23.92114047,28.7693056,0.325195026,4.84816513,269
24.47114867,31.939571,0.390584805,7.46842233,378
25.12465207,35.99217127,0.437920279,10.8675192,510
25.5624634,38.25235613,0.498367802,12.68989273,658
26.21255687,40.39654947,0.510469781,14.1839926,816.7142857
26.4731404,41.65764953,0.575073805,15.18450913,985.875
26.9201314,43.72293527,0.610246151,16.80280387,1176.714286
27.20111693,44.10720627,0.637412279,16.90608934,1370.625
27.84349714,46.54200971,0.700142781,18.69851257,1580
28.0775878,48.34034807,0.751681445,20.26276027,1809.375
28.2830628,49.19147753,0.809669579,20.90841473,2054
28.75250447,51.54958113,0.809150429,22.79707666,2310.75
28.98598433,51.4764992,0.81481982,22.49051487,2560.142857
29.31593827,52.12607433,0.848850921,22.81013606,2818.75
29.73526193,53.64847207,0.900069661,23.91321014,3088.428571
29.88298327,54.3455892,0.93859401,24.46260593,3349.428571
30.19451907,56.65431327,0.912929421,26.4597942,3639.25
30.52134807,56.80053313,0.966185457,26.27918506,3915.142857
30.92911621,58.69564164,0.975161304,27.76652543,4219.125
31.2991598,59.36714047,0.967890089,28.06798067,4515.285714
31.34249067,58.6883928,0.966922209,27.34590213,4805.25
31.39369707,56.83325393,0.89780282,25.43955686,5092.285714
31.52517982,56.27651418,0.902461681,24.75133436,5333.166667
29.3095095,31.839508,0.136164155,2.5299985,8180
28.99113573,31.0937296,0.111932491,2.10259387,8204.285714
28.52429807,29.6948792,0.060132061,1.17058113,8231
27.9674928,27.48501573,0.026352906,-0.48247707,8244.428571
27.51042893,25.83340653,0.004733932,-1.6770224,8248.714286
27.11209979,24.68879464,9.92E-05,-2.42330515,8249
26.715222,24.04706413,0,-2.66815787,8249
26.32090453,23.7664206,0,-2.55448393,8249
26.05849193,23.3778504,0,-2.68064153,8249
25.84102367,23.00669147,0,-2.8343322,8249
25.68150633,22.6908204,0,-2.99068593,8249
25.51622313,22.42902427,0,-3.08719886,8249
25.28251947,22.43654993,0,-2.84596954,8249
25.09930633,22.31530367,0,-2.78400266,8249
24.91609843,22.040122,0,-2.87597643,8249
24.82086373,22.0092996,0,-2.81156413,8249
24.7004862,21.87760213,0,-2.82288407,8249
24.49919564,21.57032993,0,-2.92886571,8249
24.3762818,21.52067467,0,-2.85560713,8249
24.23611047,21.519643,0,-2.71646747,8249
24.14549036,21.462666,0,-2.68282436,8249
24.003129,21.26999327,0,-2.73313573,8249
23.830852,21.02411757,0,-2.80673443,8249
23.70116167,20.78639927,0,-2.9147624,8249
23.58962557,20.5728825,0,-3.01674307,8249
23.56900886,20.62210293,0,-2.94690593,8249
23.4973816,20.584137,0,-2.9132446,8249
23.228943,20.230347,0,-2.998596,8249
23.20451833,20.17994167,0,-3.02457666,8249
23.53055364,30.40324264,0.322396049,6.872689,296.25
23.96825553,33.11916907,0.364678181,9.15091354,241.3333333
24.44770507,36.010386,0.396035358,11.56268093,460.875
25.05856327,39.48617747,0.454001259,14.4276142,603.5714286
25.4833456,42.19290773,0.558310909,16.70956213,756
26.1862182,45.974644,0.630282837,19.7884258,935.625
26.82428843,48.74574721,0.676448222,21.92145878,1125.714286
27.48974807,49.733946,0.732597133,22.24419793,1335.75
27.690804,51.029305,0.772237975,23.338501,1568.857143
28.20780033,53.51720187,0.70056636,25.30940154,1257.857143
28.12987687,46.86501033,0.504322327,18.73513346,1883
28.65709027,51.68042807,0.815426971,23.0233378,2085
28.85416453,51.79728807,0.754716712,22.94312354,2303.285714
29.207837,53.29230753,0.723534329,24.08447053,2505.857143
29.59773043,56.4438975,1.038991363,26.84616707,2802.375
30.12836307,61.4558144,1.033489497,31.32745133,3074.857143
30.49429113,60.050757,0.887761896,29.55646587,3351.625
30.6761354,57.4164388,0.892777234,26.7403034,3642.857143
30.80462447,58.6477848,0.887957537,27.84316033,3857.5
30.550409,50.88379927,0.580134363,20.33339027,4073.428571
30.86417447,51.88567107,0.746643901,21.0214966,4273.375
31.3942708,54.4914426,0.800469607,23.0971718,4498
31.3498148,55.91095173,0.961819957,24.56113693,4771
31.72367836,57.42826607,0.776466954,25.70458771,5068.428571
31.688391,55.6965108,0.861283269,24.0081198,5329.625
32.05471387,56.43004773,0.741254446,24.37533386,5539.428571
31.86826353,50.85092773,0.632901332,18.9826642,5731.5
31.819928,47.85040473,0.458560692,16.03047673,5916.714286
31.7245952,46.1821414,0.613399808,14.4575462,6104.5
32.33336767,52.99154247,0.740920525,20.6581748,6303.285714
31.9338582,46.44251507,0.355912937,14.50865687,6484.428571
32.07216543,46.25483693,0.563544357,14.1826715,6624.75
32.14568913,45.1495198,0.374292961,13.00383067,6782.714286
31.60037027,40.34497667,0.273557416,8.7446064,6890.625
31.0340474,37.6285684,0.239682863,6.594521,6976.428571
30.70997933,37.02485793,0.301570481,6.3148786,7058.25
30.43691007,36.39902313,0.165297124,5.96211306,7144.285714
29.904103,31.90951321,0.070541486,2.00541021,7181.125
29.53365073,29.72202553,0.050016953,0.1883748,7201.571429
29.03817547,28.57368787,0.039089017,-0.4644876,7216.625
28.65878113,27.82638767,0.029371944,-0.83239346,7228.142857
27.72775867,26.89247027,0.021287069,-0.8352884,7236.75
27.694161,26.27160233,0.010050886,-1.42255867,7241.857143
27.57802327,25.8546652,0.001567846,-1.72335807,7243
27.19961753,25.1958414,0,-2.00377613,7243
26.84853057,24.62852907,0,-2.2200015,7243
26.45617473,24.16471133,0,-2.2914634,7243
26.02302247,23.83236693,0,-2.19065554,7243
25.76652013,23.48216953,0,-2.2843506,7243
25.5864014,23.28639527,0,-2.30000613,7243
25.35796507,23.0924662,0,-2.26549887,7243
25.09846373,22.87989927,0,-2.21856446,7243
24.8719178,22.62053027,0,-2.25138753,7243
24.68032427,22.33595993,0,-2.34436434,7243
24.47877936,22.16589129,0,-2.31288807,7243
24.40639247,22.09616913,0,-2.31022334,7243
24.36970013,22.03935133,0,-2.3303488,7243
24.26367993,21.81981607,0,-2.44386386,7243
24.19905,21.67491867,0,-2.52413133,7243
24.08873487,21.48619987,0,-2.602535,7243
24.00257387,21.37076227,0,-2.6318116,7243
23.97832627,21.3030558,0,-2.67527047,7243
23.92238064,21.19687979,0,-2.72550085,7243
23.8922364,21.12692267,0,-2.76531373,7243
23.85680547,21.1551208,0,-2.70168467,7243
23.76059347,21.23520507,0,-2.5253884,905.375
23.6751994,21.1929544,0,-2.482245,0
23.59409387,21.1975178,0,-2.39657607,0
23.48329067,21.23848887,0,-2.2448018,0
23.470836,21.83555171,0,-1.63528429,0
23.52625707,22.2376994,0,-1.28855767,0
23.54151807,22.08408613,0,-1.45743194,0
23.4903992,22.2411336,0,-1.2492656,0
23.44186193,22.39247847,0,-1.04938346,0
23.4516622,22.4551962,0,-0.996466,0
23.41087033,22.28741647,0,-1.12345386,0
23.41301193,22.12250857,0,-1.29050336,0
23.29720867,21.8402384,0,-1.45697027,0
23.0816204,21.3520304,0,-1.72959,0
23.0801798,21.29458413,0,-1.78559567,0
23.0092528,21.33285307,0,-1.67639973,0
22.94258413,21.26751513,0,-1.675069,0
23.02390747,21.39312933,0,-1.63077814,0
22.98033653,21.45325513,0,-1.5270814,0
22.94142586,21.42293871,0,-1.51848715,0
22.9109844,21.4030904,0,-1.507894,0
22.85801793,21.44707027,0,-1.41094766,0
22.8197834,21.408598,0,-1.4111854,0
22.80285227,21.3380066,0.001067307,-1.46484567,0
22.81552327,21.6110514,0.016854856,-1.20447187,1.142857143
22.98163453,22.20320013,0.040360721,-0.7784344,10.28571429
23.218327,22.82350867,0.064661082,-0.39481833,26.125
23.36693664,23.90778236,0.085898605,0.54084572,49.42857143
23.4338724,24.7448954,0.110891747,1.311023,81.375
23.82504073,28.02674967,0.279003775,4.20170894,141.8571429
24.3803284,32.1630228,0.355994999,7.7826944,239.875
24.82963867,33.83913527,0.345441543,9.0094966,342
25.08896267,35.56281313,0.392917891,10.47385046,455.125
25.26090907,37.18839533,0.358506273,11.92748626,577.2857143
25.14924186,32.83658064,0.188461807,7.68733878,653.125
25.3127442,32.38037547,0.267094077,7.06763127,724.2857143
25.96112293,35.6540122,0.37300119,9.69288927,829
26.40590207,37.5282734,0.386081257,11.12237133,953.7142857
26.92924807,39.8739748,0.438586439,12.94472673,1104
27.16653653,39.33653373,0.375921951,12.1699972,1238
27.58566273,42.06701467,0.542687413,14.48135194,1374
27.87740473,42.9675394,0.63854485,15.09013467,1563.857143
28.15413336,44.68885371,0.415651644,16.53472035,1794.571429
28.06948847,42.7483944,0.709146549,14.67890593,1929.75
28.88009853,50.2482484,0.608488516,21.36814987,2134.857143
28.86033333,44.39048453,0.553059376,15.5301512,2299.625
29.77494913,52.5911334,0.999309628,22.81618427,2586
30.58406567,60.62906307,1.047774983,30.0449974,2891.25
30.82483571,62.21209043,1.031860682,31.38725472,3196.142857
30.75217287,57.9255778,0.811755457,27.17340493,3448.5
30.91771053,54.40039267,0.762446733,23.48268214,3639.857143
31.41328527,55.8933874,0.917253122,24.48010213,3821
31.3189554,54.85740987,0.814843908,23.53845447,4094.142857
31.90281767,58.44529793,0.825664707,26.54248026,4392
31.85407093,57.85922433,0.814901278,26.0051534,4685.571429
31.63322353,53.52987267,0.693057019,21.89664914,4940.875
31.88224814,54.65764729,0.760547291,22.77539915,5157.857143
32.30898653,55.0882936,0.606578687,22.77930707,5349.857143
32.15423573,52.96810093,0.809865482,20.8138652,5566.875
32.80111693,56.02008653,0.779872403,23.2189696,5811.571429
33.00463247,55.63306693,0.727937437,22.62843446,6042.5
32.5740844,51.29624213,0.468398362,18.72215773,6218.285714
32.31323667,43.58892427,0.346549653,11.2756876,6348.625
32.0070125,43.13004007,0.318087491,11.12302757,6460.714286
31.29693813,39.07873533,0.223404308,7.7817972,6544
30.79741013,37.0259216,0.195134252,6.22851147,6615.428571
30.2077474,34.9625852,0.156285407,4.7548378,6672.875
29.84666753,33.62270493,0.135875999,3.7760374,6721.571429
29.57108153,32.47774067,0.113217219,2.90665914,6762.125
29.30183307,31.3613768,0.083773295,2.05954373,6796.142857
29.1003866,30.14926347,0.056073659,1.04887687,6818.375
28.82632671,29.09606714,0.036903589,0.26974043,6833.428571
28.51060993,28.12322593,0.021403632,-0.387384,6841.714286
28.18459053,27.25274253,0.009992764,-0.931848,6846.5
28.03802473,26.626117,0.002002581,-1.41190773,6848
27.85752767,26.235675,2.76E-05,-1.62185267,6848
27.59022627,25.9145488,0,-1.67567747,6848
27.35575367,25.7008974,0,-1.65485627,6848
27.13747547,25.58771973,0,-1.54975574,6848
26.94103807,25.36680293,0,-1.57423514,6848
26.85772929,25.15451486,0,-1.70321443,6848
26.76876207,25.0066142,0,-1.76214787,6848
26.6451172,24.92873313,0,-1.71638407,6848
26.52755747,24.90883807,0,-1.6187194,6848
26.47521973,24.95710453,0,-1.5181152,6848
26.42065647,25.20817047,0,-1.212486,6848
26.3497904,25.2258016,0,-1.1239888,6848
24.900354,24.77943313,0,-0.12092087,6848
23.9790038,23.40416887,0,-0.57483493,6848
23.55884221,22.71218,0,-0.84666221,6848
23.5472046,22.64883013,0,-0.89837447,6848
23.2145264,21.71909187,0,-1.49543453,6848
22.36105533,20.86307993,0,-1.4979754,6848
21.64112767,20.3276652,0,-1.31346247,6848
21.5649028,20.2063374,0,-1.3585654,6848
21.6055196,20.35003867,0,-1.25548093,6848
21.7191894,20.4714396,0,-1.2477498,856
21.708895,20.60203114,0,-1.10686386,0
21.62087,20.55178627,0,-1.06908373,0
21.57502653,20.51141367,0,-1.06361286,0
21.45861,20.4058044,0,-1.0528056,0
21.4710388,20.32331333,0,-1.14772547,0
21.5340616,20.32050367,0,-1.21355793,0
21.66905527,20.44411613,0,-1.22493914,0
21.74084267,20.4955098,0,-1.24533287,0
21.76986257,20.55575543,0,-1.21410714,0
21.85171307,20.58702,0,-1.26469307,0
21.8916116,20.52848733,0,-1.36312427,0
21.88433427,20.38968507,0,-1.4946492,0
21.89636627,20.63468427,0,-1.261682,0
21.96396693,20.9058836,0,-1.05808333,0
22.0309366,21.0314534,0,-0.9994832,0
22.12817387,21.08964233,0,-1.03853154,0
22.1400958,21.1670512,0,-0.9730446,0
22.049833,21.14354157,0,-0.90629143,0
21.97495927,21.07260333,0,-0.90235594,0
21.92008673,21.01280927,0,-0.90727746,0
22.34462992,22.08666242,0.045444284,-0.2579675,23.16666667
22.4054382,22.98853347,0.069788371,0.58309527,41.125
22.7378764,24.8963014,0.14642804,2.158425,74.57142857
23.20470971,27.90720493,0.229117356,4.70249522,137.375
23.51787007,30.98489829,0.269133058,7.46702822,216
23.89814073,33.29091187,0.324540905,9.39277114,303.75
24.70578207,38.03775433,0.494561593,13.33197226,428.4285714
25.81000987,43.5907308,0.589507021,17.78072093,612
26.36562707,43.806378,0.569132588,17.44075093,792.1428571
26.8544944,44.58149807,0.613795423,17.72700367,976
27.2721314,46.69365013,0.662568909,19.42151873,1174.285714
27.64303787,47.786619,0.617462953,20.14358113,1380.5
27.7038965,45.23483279,0.710976275,17.53093629,1557.857143
28.0741658,48.9580262,0.673764746,20.8838604,1761.142857
28.02329087,47.408421,0.636148061,19.38513013,1960.75
28.12365527,48.69280567,0.613675433,20.5691504,2183
28.60254713,49.08473493,0.816837565,20.4821878,2389.5
28.8662964,52.901754,0.801174743,24.0354576,2604.142857
29.49615867,56.45879507,0.968808626,26.9626364,2835.375
30.03040367,59.87759193,0.984191867,29.84718826,3119.428571
30.45237293,60.19193786,1.003704404,29.73956493,3422.375
30.6108378,58.55042527,0.962423294,27.93958747,3714.142857
31.26550907,63.3418294,1.112296618,32.07632033,4024.625
31.12965493,65.54571367,0.954939324,34.41605874,4326.142857
31.10980833,58.53033853,0.667887738,27.4205302,4564.375
31.30430727,55.53702407,0.79165527,24.2327168,4793.142857
32.266697,58.0866006,0.8927997,25.8199036,5053.625
32.17408047,59.10431307,0.936060081,26.9302326,5306
32.819391,62.57647933,0.990084947,29.75708833,5567.857143
33.13893986,60.39023079,0.781591082,27.25129093,5852.125
32.61264433,53.1639342,0.594541025,20.55128987,6056.142857
32.7458558,51.32743773,0.545487636,18.58158193,6236.5
32.59839073,48.281022,0.506232433,15.68263127,6411.428571
32.41062673,46.36569013,0.404082071,13.9550634,6562
32.6603392,46.35074433,0.485598238,13.69040513,6740.285714
33.28802473,49.761794,0.629991737,16.47376927,6934.5
33.33569327,49.51272193,0.536217651,16.17702866,7124.714286
33.42402007,48.90967671,0.49096055,15.48565664,7288.875
32.66607667,47.12369613,0.445159327,14.45761946,7434
32.16037607,43.64397813,0.389096695,11.48360206,7548.75
31.88587833,41.1847028,0.297883785,9.29882447,7661.285714
31.26597493,37.7911072,0.246215918,6.52513227,7744.5
30.80819907,35.76615827,0.208118043,4.9579592,7811.571429
30.17164893,33.8750304,0.145127319,3.70338147,7866.625
29.63169753,32.23251347,0.112240971,2.60081594,7906.142857
29.4934264,31.51618653,0.0927983,2.02276013,7937
29.02422,29.90827521,0.041247225,0.88405521,7958.625
28.4694946,27.9880758,0.005057944,-0.4814188,7965.857143
28.13610413,26.83467813,9.44E-05,-1.301426,7966
27.82643613,26.21776333,0,-1.6086728,7966
27.58875313,25.79447813,0,-1.794275,7966
27.35458573,25.6334656,0,-1.72112013,7966
27.17084367,25.5926656,0,-1.57817807,7966
26.9254904,25.39993487,0,-1.52555553,7966
26.74023647,25.1433514,0,-1.59688507,7966
26.542622,24.7157135,0,-1.8269085,7966
26.3805358,24.4444234,0,-1.9361124,7966
26.2500794,24.09205927,0,-2.15802013,7966
26.0939412,23.79168307,0,-2.30225813,7966
26.03558967,24.02270507,0,-2.0128846,7966
25.7736,23.732849,0,-2.040751,7966
25.65490107,23.44927553,0,-2.20562554,7966
25.48866567,23.10393673,0,-2.38472894,7966
25.33885487,22.97926447,0,-2.3595904,7966
25.1337626,22.6813252,0,-2.4524374,7966
24.969698,22.49412027,0,-2.47557773,7966
24.83809343,22.50972636,0,-2.32836707,7966
24.81882947,22.46718547,0,-2.351644,7966
24.6906805,22.17558057,0,-2.51509993,995.75
24.53854767,21.8853208,0,-2.65322687,0
24.32740287,21.63398227,0,-2.6934206,0
24.2539612,21.66131587,0,-2.59264533,0
24.2181986,21.77575673,0,-2.44244187,0
24.21133627,21.765153,0,-2.44618327,0
24.305967,22.21917064,0,-2.08679636,0
24.47437553,22.92282107,0,-1.55155446,0
24.56653033,23.14752193,0,-1.4190084,0
24.6126954,22.74956053,0,-1.86313487,0
24.40130207,22.16255073,0,-2.23875134,0
24.0961324,21.32203767,0,-2.77409473,0
24.0066,21.19337573,0,-2.81322427,0
23.98470873,21.2534078,0,-2.73130093,0
23.96986843,21.36453693,0,-2.6053315,0
23.9593852,21.59707647,0,-2.36230873,0
23.91781213,21.46754153,0,-2.4502706,0
23.90087887,21.4937948,0,-2.40708407,0
23.7752706,21.23782533,0,-2.53744527,0
23.661442,20.761668,0,-2.899774,0
23.62378547,20.63524373,0,-2.98854174,0
23.49081827,20.40563353,0,-3.08518474,0
23.31950379,20.1904755,0,-3.12902829,0
23.2451844,20.09380067,0.00061992,-3.15138373,0
23.15111687,20.11391393,0.009617814,-3.03720294,0.285714286
23.35637213,20.837968,0.029113553,-2.51840413,5.875
23.665861,22.09361387,0.052356912,-1.57224713,18.57142857
24.0184102,23.685199,0.086237195,-0.3332112,40.75
24.41668487,25.7537374,0.153685394,1.33705253,74.85714286
24.85792633,28.00296627,0.205239105,3.14503994,124
25.38981333,30.64478967,0.26604703,5.25497634,190.8571429
25.92083964,33.56302543,0.323376125,7.64218579,275.25
26.23174233,35.39754653,0.372736435,9.1658042,380.5714286
26.3079448,35.30504147,0.361205644,8.99709667,493.25
26.6822978,38.64299933,0.535740481,11.96070153,639.5714286
26.76338493,39.07146407,0.363704941,12.30807914,751.5714286
27.15253713,40.39757687,0.565662541,13.24503974,888.125
27.40404467,41.31692333,0.418877103,13.91287866,1075.142857
27.86412947,43.6938172,0.56387132,15.82968773,1285.125
27.86592971,42.94935371,0.51719428,15.083424,1479.142857
28.24258627,43.05883393,0.580464617,14.81624766,1637
28.48883253,43.78831387,0.585474618,15.29948134,1806.857143
28.98237107,47.528133,0.716702273,18.54576193,2050.125
29.52840573,52.17277807,0.883387189,22.64437234,2313.428571
29.893628,56.5491456,0.775802707,26.6555176,2562.25
30.16676853,54.67960167,0.867912751,24.51283314,2831.285714
30.64815267,58.19227473,0.958720827,27.54412206,3125.75
31.08613807,57.58173707,0.856888655,26.495599,3429
30.96598713,58.3223184,0.966907858,27.35633127,3690.875
31.85976967,60.33080693,0.975826763,28.47103726,3956.857143
31.85876867,60.43083147,0.948907113,28.5720628,4234.875
32.2687516,61.34530853,0.942141783,29.07655693,4514.714286
32.5261004,61.74372393,0.939353365,29.21762353,4777.142857
32.84859033,60.95937107,0.919379874,28.11078074,5051.125
33.08275936,61.57563136,0.793158236,28.492872,5262.285714
33.32188727,57.5274762,0.847597544,24.20558893,5513.625
33.68083073,59.17385453,0.833392598,25.4930238,5732.428571
33.55198987,58.27027193,0.832325577,24.71828206,5932.375
33.78651527,56.12368147,0.666566569,22.3371662,6125.428571
33.41605233,52.4764444,0.678242495,19.06039207,6302.625
33.7623494,52.985213,0.684700735,19.2228636,6518.428571
33.76130373,54.00686427,0.476600342,20.24556054,6671.25
33.27972207,45.37474064,0.238672855,12.09501857,6788.428571
32.8169596,40.0954304,0.21446764,7.2784708,6880.625
32.72800313,38.61097187,0.287300781,5.88296874,6957.142857
33.25120033,42.48199053,0.289585027,9.2307902,7076.375
32.8292944,40.12470707,0.242544795,7.29541267,7175.428571
32.72574673,39.1215456,0.303546963,6.39579887,7254.375
32.85508647,40.3697468,0.294731461,7.51466033,7348.285714
32.51563893,38.29546747,0.199998688,5.77982854,7419.285714
31.9316625,35.02001971,0.13731327,3.08835721,7467.625
31.36695347,32.59263687,0.088127082,1.2256834,7499.571429
30.75914113,30.54561567,0.045607709,-0.21352546,7518.75
30.156077,29.0945292,0.026994183,-1.0615478,7529.857143
29.6914124,28.06063633,0.01128363,-1.63077607,7536
29.19390867,27.26012787,0.001265866,-1.9337808,7537
28.8050252,26.64863687,0,-2.15638833,7537
28.41945813,26.3571066,0,-2.06235153,7537
28.04134036,26.15662057,0,-1.88471979,7537
27.72182007,25.95293373,0,-1.76888634,7537
27.46389373,26.05951547,0,-1.40437826,7537
27.12241393,25.59638287,0,-1.52603106,7537
26.93866167,25.4765034,0,-1.46215827,7537
26.813499,25.44114807,0,-1.37235093,7537
26.7214192,24.9726014,0,-1.7488178,7537
26.061617,23.8103068,0,-2.2513102,7537
25.32423829,23.21858671,0,-2.10565158,7537
25.05556433,23.1519184,0,-1.90364593,7537
24.84250287,23.14363193,0,-1.69887094,7537
24.7625794,23.2487568,0,-1.5138226,7537
24.6506064,23.19892173,0,-1.45168467,7537
24.4036906,23.26634107,0,-1.13734953,7537
24.30899047,23.1665956,0,-1.14239487,7537
24.17554313,22.93040773,0,-1.2451354,7537
24.16959721,22.92681036,0,-1.24278685,7537
23.77793187,22.76066687,0,-1.017265,7537
23.52398087,22.53725387,0,-0.986727,0
23.57631227,22.5190776,0,-1.05723467,0
23.79398807,22.6662274,0,-1.12776067,0
23.82386273,22.74333293,0,-1.0805298,0
23.81315727,22.72366927,0,-1.089488,0
23.8431722,22.72266247,0,-1.12050973,0
23.7696665,22.55624171,0,-1.21342479,0
23.74944667,22.52036333,0,-1.22908334,0
23.74525333,22.56290467,0,-1.18234866,0
23.7231018,22.5175476,0,-1.2055542,0
23.66042487,22.52868047,0,-1.1317444,0
23.56479287,22.4498474,0,-1.11494547,0
23.53508313,22.328715,0,-1.20636813,0
23.55293973,22.28171787,0,-1.27122186,0
23.5656494,22.25478333,0,-1.31086607,0
23.53911914,22.20156636,0,-1.33755278,0
23.4719544,22.1696574,0,-1.302297,0
23.386021,22.07391967,0,-1.31210133,0
23.4240112,22.17654227,0,-1.24746893,0
23.45262647,22.16496173,0,-1.28766474,0
23.35825587,21.58138833,0,-1.77686754,0
23.18258253,21.20090727,0,-1.98167526,0
23.065572,20.99004933,0,-2.07552267,0
22.93050333,21.10439453,0.00190756,-1.8261088,0
22.90438138,21.01892315,0.01427183,-1.88545823,0
23.01654486,21.45331457,0.033140704,-1.56323029,2.75
23.31243287,22.07806387,0.050611544,-1.234369,15.57142857
23.51573693,22.768512,0.083218589,-0.74722493,37.75
23.78894047,23.57560827,0.148654634,-0.2133322,71.28571429
24.0009094,25.62175893,0.203633949,1.62084953,119.75
24.3116068,28.33232007,0.202892965,4.02071327,178.8571429
24.44554647,30.010496,0.281274971,5.56494953,252.25
24.68875133,31.77211313,0.242093163,7.0833618,354.8571429
24.93150013,34.9920044,0.444573009,10.06050427,479.375
25.73379057,40.25765564,0.504731108,14.52386507,625
26.3876404,43.30431733,0.557017175,16.91667693,790.875
26.97056067,45.55024,0.618225763,18.57967933,973.5714286
27.71488233,48.363682,0.670448718,20.64879967,1172.875
28.17348427,49.310594,0.714761605,21.13710973,1386
28.5507568,51.14308473,0.763036357,22.59232793,1598
28.6851826,52.74471267,0.802427213,24.05953007,1835.875
29.21775093,53.5014138,0.834156639,24.28366287,2082.857143
29.56794647,55.37232273,0.862766473,25.80437626,2338
29.84079429,58.03428871,0.891731504,28.19349442,2600.714286
30.38230993,59.35841487,0.913182093,28.97610494,2879.25
30.98658047,60.1309834,0.928844529,29.14440293,3152.857143
31.03626907,60.58494867,0.947984686,29.5486796,3432.125
31.56218267,58.13640527,0.958795863,26.5742226,3714.142857
31.59730213,58.96815807,0.965225899,27.37085594,3999.375
32.02379753,58.25814227,0.970586436,26.23434474,4286.857143
32.30198567,58.66611747,0.966616829,26.3641318,4573.625
32.3679245,60.75254,0.960006299,28.3846155,4857.571429
32.78869213,60.10255927,0.945328505,27.31386714,5146.875
33.25482186,60.86849729,0.913050096,27.61367543,5424.857143
33.4319154,60.25882147,0.865835723,26.82690607,5690.75
33.4819584,59.38402527,0.879347218,25.90206687,5951
33.32365333,58.80879913,0.860723365,25.4851458,6194.285714
33.5405356,59.1779296,0.799901935,25.637394,6445.75
33.7554728,56.66007293,0.743142924,22.90460013,6686.571429
34.09684771,54.98997743,0.760303092,20.89312972,6915.375
34.38259667,57.54735093,0.754912153,23.16475426,7124
34.23293673,54.87144167,0.677356737,20.63850494,7347.625
34.278066,49.94577213,0.504949281,15.66770613,7544.714286
34.62947793,50.88533153,0.629445343,16.2558536,7739.125
34.7056704,51.99498913,0.551405086,17.28931873,7919.142857
34.31009747,46.1497108,0.306095652,11.83961333,8051.125
33.7051188,39.0915042,0.133736274,5.3863854,8127.714286
32.85124421,34.75786921,0.087811558,1.906625,8163
32.63336773,33.21449167,0.075544088,0.58112394,8190.571429
32.45497007,32.52092453,0.067454052,0.06595446,8215.25
32.2224836,31.91202193,0.050618351,-0.31046167,8234.571429
30.90656127,30.83225113,0.036754939,-0.07431014,8247.5
29.40557853,28.88499353,0.032407943,-0.520585,8258.428571
28.77471533,27.36364733,0.016571363,-1.411068,8265.285714
27.8907064,26.16618667,0.003801943,-1.72451973,8268
27.1471252,25.1309936,4.99E-05,-2.0161316,8268
26.84466329,24.81299036,0,-2.03167293,8268
26.80380247,24.55861207,0,-2.2451904,8268
26.5296794,23.8296754,0,-2.700004,8268
26.13919673,23.17435507,0,-2.96484166,8268
25.98317053,22.6132344,0,-3.36993613,8268
25.92591347,22.99613853,0,-2.92977494,8268
26.3512246,24.13337607,0,-2.21784853,8268
26.67003993,25.02776693,0,-1.642273,8268
26.74988007,25.32339464,0,-1.42648543,8268
26.74337147,25.45649007,0,-1.2868814,8268
25.05998927,25.02782793,0,-0.03216134,8268
23.2322306,23.09873853,0,-0.13349207,8268
22.50070593,21.93613867,0,-0.56456726,8268
22.44423013,21.5962768,0,-0.84795333,8268
22.48285327,21.49008393,0,-0.99276934,8268
22.54673253,21.02742533,0,-1.5193072,8268
22.53863333,20.3957946,0,-2.14283873,8268
22.499492,20.06586143,0,-2.43363057,8268
22.4707174,19.81819447,0,-2.65252293,8268
22.384967,19.7203308,0,-2.6646362,8268
22.32996413,19.76913853,0,-2.5608256,0
22.26612553,19.9242026,0,-2.34192293,0
22.27712807,19.96756607,0,-2.309562,0
22.1519064,19.94849033,0,-2.20341607,0
22.209784,19.79560767,0,-2.41417633,0
22.26695967,19.68824047,0,-2.5787192,0
22.238922,19.58762457,0,-2.65129743,0
22.17399293,19.64816287,0,-2.52583006,0
22.08363447,19.61325487,0,-2.4703796,0
21.98052973,19.47120353,0,-2.5093262,0
21.73555907,19.13982333,0,-2.59573574,0
21.402293,18.911025,0,-2.491268,0
21.34014087,18.89304193,0,-2.44709894,0
21.35784927,19.0029684,0,-2.35488087,0
21.37924393,19.24936927,0,-2.12987466,0
21.381364,19.32304473,0,-2.05831927,0
21.25942564,19.0175715,0,-2.24185414,0
21.06681733,18.7768678,0,-2.28994953,0
21.37434887,18.97238173,0,-2.40196714,0
21.55023393,19.259316,0,-2.29091793,0
21.64061293,19.09366447,0,-2.54694846,0
21.89979453,19.31231487,0,-2.58747966,0
22.3387368,19.757601,0,-2.5811358,0
22.401477,19.99467973,0.000825436,-2.40679727,0
22.49571679,20.22972107,0.010563489,-2.26599572,1.375
22.62713007,20.66840413,0.028758912,-1.95872594,7.571428571
22.84106447,21.28203347,0.05068186,-1.559031,19.71428571
23.17152307,22.29486493,0.084808915,-0.87665814,41.875
23.54695427,23.86682333,0.158288559,0.31986906,76.71428571
23.94607947,26.17003387,0.21528912,2.2239544,128.25
24.41617833,29.170227,0.271746877,4.75404867,197.4285714
24.91252433,32.15568047,0.330588588,7.24315614,285
25.35419907,35.4985922,0.395762367,10.14439313,391.8571429
26.09695007,39.08639957,0.451373351,12.9894495,518.75
26.6344054,41.77922547,0.50800591,15.14482007,664.8571429
26.99952593,43.4644392,0.56084592,16.46491327,828.875
27.20573713,45.21238613,0.615290657,18.006649,1010.142857
27.668807,48.98255793,0.666398724,21.31375093,1207
27.95082393,51.05456967,0.720145867,23.10374574,1419.428571
28.3790078,53.2701114,0.766008027,24.8911036,1648.5
28.9688944,54.07523427,0.815546264,25.10633987,1861.142857
29.61952421,55.34798971,0.719329505,25.7284655,2087.125
29.5801188,57.320168,0.984109057,27.7400492,2307.428571
29.96776533,59.42428573,0.852110657,29.4565204,2569.285714
30.10053313,56.94452307,0.988618099,26.84398994,2844
30.31374713,55.35706793,0.580431214,25.0433208,
30.50551153,57.03130307,0.838770058,26.52579154,3129.285714
30.71699633,52.6329488,0.705263953,21.91595247,3337.875
30.90061507,53.412794,0.688090579,22.51217893,3592.428571
31.35813793,59.133262,1.054155981,27.77512407,3824.625
31.57839347,54.04231973,0.544855549,22.46392626,4102.714286
32.03025313,59.7176536,1.008637932,27.68740047,4329
32.626951,60.1761166,0.682372855,27.5491656,4568.285714
32.068638,50.04413893,0.591846789,17.97550093,4830.875
32.80097027,58.15341173,0.818109888,25.35244146,4980.428571
33.18527407,61.56432687,0.956640629,28.3790528,5244.25
33.488021,59.6638592,0.718815376,26.1758382,5525.714286
32.70759336,48.42773879,0.24348246,15.72014543,5761.25
32.27215373,44.45963127,0.445260018,12.18747754,5882.142857
32.34491993,43.7751686,0.302484416,11.43024867,6037.571429
32.281588,41.69365867,0.327377192,9.41207067,6176.125
32.39553247,42.82737193,0.319140978,10.43183946,6282.428571
32.8598512,46.55671167,0.536137697,13.69686047,6371.875
33.26259353,48.231889,0.528659957,14.96929547,6528.714286
33.40587707,46.34387413,0.37085346,12.93799706,6724.75
33.26564864,44.92023793,0.451576416,11.65458929,6856.285714
33.16755933,43.82860907,0.393078585,10.66104974,6985.75
33.05929993,42.80125093,0.425120669,9.741951,7114
33.04103613,42.6021344,0.310996479,9.56109827,7238.375
32.0835266,36.0457806,0.069906493,3.962254,7362.428571
31.25639433,31.67289847,0.044067813,0.41650414,7414.75
30.51948247,30.25139567,0.03526559,-0.2680868,7433
29.59416113,29.09356687,0.026555099,-0.50059426,7446.75
29.09301967,28.16893313,0.024506039,-0.92408654,8109.5
28.737601,27.42860421,0.012341526,-1.30899679,0
28.44485467,26.5186422,0.000690927,-1.92621247,0
28.23783153,26.15416267,0,-2.08366886,0
28.0495422,25.89157707,0,-2.15796513,0
27.28030193,25.3176128,0,-1.96268913,0
26.34422813,24.45626427,0,-1.88796386,0
25.80482787,23.43174233,0,-2.37308554,0
25.6798888,22.87546187,0,-2.80442693,0
26.31762287,23.06435553,0,-3.25326734,0
26.73703436,23.77153671,0,-2.96549765,0
26.739679,24.4989238,0,-2.2407552,0
26.86095393,25.53957727,0,-1.32137666,0
26.75190227,25.910893,0,-0.84100927,0
25.95031553,24.79129033,0,-1.1590252,0
25.97059127,24.29259233,0,-1.67799894,0
25.9664206,24.10255747,0,-1.86386313,0
25.97672327,23.80661227,0,-2.170111,0
25.81025914,23.5601895,0,-2.25006964,0
25.31260167,23.81564927,0,-1.4969524,0
23.9593444,23.30047207,0,-0.65887233,0
23.6627584,22.656899,0,-1.0058594,0
23.45834153,22.1916648,0,-1.26667673,0
23.35063673,21.8250304,0,-1.52560633,0
23.3878704,21.7501342,0,-1.6377362,0
23.41160473,21.65298853,0,-1.7586162,0
23.43953853,21.8520548,0,-1.58748373,0
23.47894071,22.0078015,0,-1.47113921,0
23.5569438,22.1949502,0,-1.3619936,0
23.6097004,22.21863807,0,-1.39106233,0
23.59573773,22.00262447,0,-1.59311326,0
23.378357,21.57012353,0,-1.80823347,0
23.29530833,21.20904747,0,-2.08626086,0
23.3853394,21.54802453,0,-1.83731487,0
24.11521193,22.05081173,0,-2.0644002,0
24.20928079,22.25391936,0,-1.95536143,0
24.11397707,21.96325473,0,-2.15072234,0
24.00773507,21.68212693,0,-2.32560814,0
23.8672546,21.50230327,0,-2.36495133,0
23.61861967,21.46971233,0,-2.14890734,0
23.4968382,21.60178413,0,-1.89505407,0
23.55595913,21.48046053,0,-2.0754986,0
23.59987593,21.4868164,0,-2.11305953,0
23.59153247,21.53707273,0,-2.05445974,0
23.45699443,21.57733386,0,-1.87966057,0
23.4064474,21.70099893,0,-1.70544847,0
23.3181456,21.41036373,0.000840537,-1.90778187,0
23.216046,21.40639047,0.011790448,-1.80965553,0.285714286
23.13891793,21.6591104,0.027574786,-1.47980753,6.25
23.3408814,22.568992,0.060635709,-0.7718894,19
24.0415672,23.86104327,0.111289976,-0.18052393,45.25
24.46488453,24.94425653,0.161657135,0.479372,86.28571429
24.71102907,25.49090773,0.154212341,0.77987866,131.25
25.21572214,29.4314075,0.254299814,4.21568536,193.7142857
25.71132827,33.47119533,0.302042678,7.75986706,278.375
26.1143576,35.9672974,0.342457051,9.8529398,382.4285714
26.739856,38.96813347,0.453155868,12.22827747,510.625
27.1763814,40.5386984,0.448512161,13.362317,642.8571429
27.553778,41.0835084,0.560151563,13.5297304,799.25
27.84234427,44.2842408,0.613478271,16.44189653,969
28.18399247,47.58702807,0.63148828,19.4030356,1131.428571
28.57059727,49.2665142,0.690779268,20.69591693,1310.125
29.14159064,50.96223693,0.626492534,21.82064629,1500
29.01158633,47.63928911,0.66640501,18.62770278,1762.5
29.15021621,46.96144336,0.455251928,17.81122715,1974.375
29.15719787,47.72198893,0.611992378,18.56479106,2143.285714
29.738853,47.4182232,0.563158282,17.6793702,2302.75
29.9996884,49.96857287,0.562169516,19.96888447,2471.142857
30.1848064,50.714097,0.833666439,20.5292906,2671.25
31.2950174,60.84368073,0.965868116,29.54866333,2946.714286
31.85807493,61.51417647,0.754565452,29.65610154,3196.285714
31.9470338,62.420866,1.036560771,30.4738322,3426.125
32.10408907,59.94949336,0.598315773,27.84540429,3639.714286
32.0959512,51.93161207,0.574868747,19.83566087,3772.25
32.27157787,53.3307006,0.627404351,21.05912273,3942.857143
32.52562053,52.57054207,0.717466171,20.04492154,4121.375
32.66443473,48.46199133,0.348882337,15.7975566,4270.571429
32.20655313,42.75568833,0.299481069,10.5491352,4363.25
32.32926847,42.2032632,0.305706647,9.87399473,4478.857143
32.31917287,41.91299827,0.303740071,9.5938254,4582.5
32.30150967,42.75711873,0.285697924,10.45560906,4680.285714
32.7693424,47.22099173,0.655478769,14.45164933,4851.125
32.97901057,49.883756,0.361255756,16.90474543,5011.428571
32.9282166,45.9347556,0.331233593,13.006539,5108.25
32.6388932,43.3674172,0.27693862,10.728524,5222
31.76597893,44.43528653,0.615993176,12.6693076,5347.125
32.45873827,48.12828793,0.462262998,15.66954966,5529.571429
32.22288607,44.19463313,0.476263588,11.97174706,5654.375
32.06696147,43.23507873,0.365056365,11.16811726,5793.857143
32.06028027,42.74383127,0.365578903,10.683551,5902.428571
31.46108187,39.37515073,0.222426981,7.91406886,5987.25
30.93136807,35.76723786,0.180545174,4.83586979,6050.714286
30.44563607,33.62703253,0.124133393,3.18139646,6101.875
30.09595327,31.55705773,0.06327202,1.46110446,6131.571429
29.84621387,30.14963987,0.042321342,0.303426,6148.125
29.4541402,28.8870646,0.02088435,-0.5670756,6157.857143
28.88045447,27.78555493,0.009816946,-1.09489954,6162.75
27.91963507,26.45166433,0.001955322,-1.46797074,6164
28.1855752,26.00896607,0,-2.17660913,6164
28.09154414,25.52840536,0,-2.56313878,6164
27.56178787,25.77818613,6.46E-05,-1.78360174,6164
24.25947053,24.53489787,2.50E-05,0.27542734,6164
23.18479407,22.36693927,0,-0.8178548,6164
23.05576167,21.543813,0,-1.51194867,6164
22.88948167,21.41620693,0,-1.47327474,6164
22.82562867,21.13024913,0,-1.69537954,6164
22.96097607,21.15417673,0,-1.80679934,6164
23.148819,21.30161843,0,-1.84720057,6164
23.238674,21.1259462,0,-2.1127278,6164
23.172168,20.79120887,0,-2.38095913,6164
23.00936693,20.55801187,0,-2.45135506,6164
22.93573607,20.53448693,0,-2.40124914,6164
22.89959913,20.5220438,0,-2.37755533,6164
22.90470173,20.86255293,0,-2.0421488,6164
22.90138947,21.32351267,0,-1.5778768,6164
23.19335943,22.03716821,0,-1.15619122,6164
23.44536527,22.40249227,0,-1.042873,6164
23.4742208,22.3474202,0,-1.1268006,6164
23.37004987,22.21977767,0,-1.1502722,6164
23.34788807,22.0466448,0,-1.30124327,880.5714286
23.15407727,21.73290207,0,-1.4211752,0
23.14515773,21.68950193,0,-1.4556558,0
23.12067273,21.7263734,0,-1.39429933,0
23.0277302,21.05123893,0,-1.97649127,0
22.74159679,20.34154179,0,-2.400055,0
22.54430947,20.22720133,0,-2.31710814,0
22.4315856,20.4031962,0,-2.0283894,0
22.5432046,20.55102133,0,-1.99218327,0
22.5473002,20.59141633,0,-1.95588387,0
22.39808753,20.53677973,0,-1.8613078,0
22.4661296,20.65275667,0,-1.81337293,0
22.41656287,20.6208456,0,-1.79571727,0
22.44371464,20.57537414,0,-1.8683405,0
22.5855528,20.9133688,0,-1.672184,0
22.70174173,21.1886312,0,-1.51311053,0
22.62317493,20.72333173,0,-1.8998432,0
22.6158384,20.25167433,0,-2.36416407,0
22.5532246,20.27452807,0,-2.27869653,0
22.43520107,19.97839767,0,-2.4568034,0
22.13752027,19.74531447,0,-2.3922058,0
21.98794553,19.99453113,0,-1.9934144,0
21.8506328,19.85389193,0,-1.99674087,0
21.65635886,19.20186943,0.000384042,-2.45448943,0
21.6234394,19.32128107,0.011226563,-2.30215833,1.125
21.68139047,19.69300753,0.030798331,-1.98838294,7.714285714
21.9106464,20.36565967,0.052576436,-1.54498673,21.75
22.47227367,21.5067932,0.092041366,-0.96548047,46
23.25191027,23.56722207,0.174379912,0.3153118,83.625
23.5200622,27.5222758,0.229341301,4.0022136,139.4285714
24.10040087,31.04328613,0.284643191,6.94288526,211.75
24.59085529,33.98376064,0.339297901,9.39290535,301.4285714
25.10441687,36.95732793,0.390554109,11.85291106,402
25.93090607,39.14253953,0.447486879,13.21163346,528
26.5218384,40.79867733,0.507255695,14.27683893,672.7142857
27.13689167,43.47980553,0.567932123,16.34291386,837.625
27.54449053,44.7877972,0.618635225,17.24330667,1019.285714
27.93476573,46.07325053,0.662755193,18.1384848,1219.5
28.2101116,48.59591267,0.714268366,20.38580107,1434
28.67243964,49.25772086,0.733739867,20.58528122,1644
28.8991944,50.21702253,0.809098003,21.31782813,1869.714286
29.42018233,51.9404828,0.829575281,22.52030047,2105.875
29.4800944,54.2505046,0.818236025,24.7704102,2351
29.96606647,55.059627,0.725274507,25.09356053,2592.625
29.91422333,51.16156007,0.807332034,21.24733674,2862.857143
30.55613393,57.9774638,0.959750819,27.42132987,3144.75
31.31245933,59.50381447,1.009763066,28.19135514,3443.428571
31.61480713,59.99013253,0.962788822,28.3753254,3740.375
31.7778442,59.60229933,0.927457289,27.82445513,4041.285714
32.29975367,60.04074325,1.063722258,27.74098958,4340.5
32.15694979,58.43889107,0.801180456,26.28194128,4638.875
32.25066307,58.20901713,0.90865983,25.95835406,4919.714286
32.9157552,60.92674347,1.008243875,28.01098827,5199.857143
33.30490127,61.48070287,0.87740903,28.1758016,5487.375
32.80250586,49.77019207,0.513674094,16.96768621,5657.428571
32.92808647,49.82007233,0.741744231,16.89198586,5846
33.7576235,56.5494842,0.718638987,22.7918607,6083
32.78992793,46.81591136,0.403313417,14.02598343,6247.142857
32.84624807,48.51458733,0.55182746,15.66833926,6359.714286
32.96533185,46.83451485,0.537780788,13.869183,6533.125
33.39793093,51.45386533,0.739770027,18.0559344,6763.428571
33.4184388,50.9835652,0.642219944,17.5651264,6962.285714
33.45063293,49.20921033,0.572510369,15.7585774,7158.25
33.09783493,47.05743857,0.479389241,13.95960364,7346
32.85396113,42.799833,0.206959974,9.94587187,7468.875
32.72757773,40.30443513,0.315240193,7.5768574,7562.571429
32.8664406,40.0736208,0.320722541,7.2071802,7659.75
32.67632836,38.69387814,0.291288889,6.01754978,7733.714286
32.67141727,38.5844868,0.234882855,5.91306953,7818.714286
32.51223057,37.49488814,0.195937794,4.98265757,7889
31.9580788,34.10791773,0.083615407,2.14983893,7931
31.47694293,31.63483073,0.051798724,0.1578878,7951
31.00580053,30.528898,0.035922909,-0.47690253,7964.142857
30.42119707,29.99576036,0.020675625,-0.42543671,7973
29.72327093,29.32079429,0.007399102,-0.40247664,7976.714286
28.56131,27.98389913,0.001263681,-0.57741087,7977
28.05981847,27.34047433,0,-0.71934414,7977
27.7923808,26.7919168,0,-1.000464,7977
27.6113422,26.0416464,0,-1.5696958,7977
27.3556456,25.63727807,0,-1.71836753,7977
27.13539564,25.52932307,0,-1.60607257,7977
26.93152067,25.35537527,0,-1.5761454,7977
26.72478447,25.21092527,0,-1.5138592,7977
26.4515138,24.99562987,0,-1.45588393,7977
26.2307618,24.61902467,0,-1.61173713,7977
24.98380838,24.34896562,0,-0.63484276,7977
22.00026769,20.65195162,0,-1.34831607,7977
20.61398777,19.55331654,0,-1.06067123,7977
20.84500333,19.86522427,0,-0.97977906,7977
21.10015247,20.13362207,0,-0.9665304,7977
21.25922486,20.27703636,0,-0.9821885,0
21.2420736,20.3306824,0,-0.9113912,0
21.21269362,20.33963,0,-0.87306362,0
21.1957966,20.36386927,0,-0.83192733,0
21.1990866,20.35206507,0,-0.84702153,0
21.15724287,20.2670472,0,-0.89019567,0
21.095442,20.236613,0,-0.858829,0
21.07619027,20.20665093,0,-0.86953934,0
21.00891927,20.19077567,0,-0.8181436,0
20.7940328,19.9732014,0,-0.8208314,0
20.70874492,19.86686831,0,-0.84187661,0
20.66671327,19.79450473,0,-0.87220854,0
20.69515573,19.81047773,0,-0.884678,0
20.7071381,19.7992888,0,-0.9078493,0
20.83839933,20.16665392,0.040902335,-0.67174541,1.2
21.0031935,20.9889395,0.066323158,-0.014254,17.375
21.18515207,21.92250173,0.099878044,0.73734966,45.28571429
21.43288993,24.11876633,0.130125543,2.6858764,87
21.80819507,26.070054,0.133900851,4.26185893,132.2857143
22.1382732,26.9603476,0.152861262,4.8220744,180.25
22.34573353,28.1821268,0.188819984,5.83639327,237.4285714
22.67702447,29.93045647,0.233644605,7.253432,307
23.1681946,32.69951147,0.299662534,9.53131687,397.7142857
23.66407273,35.25810747,0.359172322,11.59403474,496.8571429
24.08229293,37.54553864,0.393341279,13.46324571,622.125
24.37939667,40.1277506,0.483568593,15.74835393,757.2857143
25.40005687,47.31288253,0.683993537,21.91282566,947.875
25.6231832,47.15650247,0.485174513,21.53331927,1119.428571
26.1870668,47.0743288,0.61887154,20.887262,1276.125
26.661143,47.86209887,0.625929115,21.20095587,1448.428571
27.28059887,56.17617787,0.922471946,28.895579,1703
27.96214193,59.34772947,0.942640817,31.38558754,1979.571429
28.6902568,57.81664833,0.880648258,29.12639153,2246.75
28.98941914,58.54648693,0.89846418,29.55706779,2519.428571
29.17119147,57.72865393,0.844823108,28.55746246,2783.375
29.17043653,54.0487796,0.725667321,24.87834307,2995.428571
29.45211587,57.4801796,1.051895543,28.02806373,3223.75
30.0820658,61.4289776,0.875959719,31.3469118,3506.857143
29.98060707,58.23431193,0.711932499,28.25370486,3774.875
30.22876787,58.4341208,0.907262212,28.20535293,4042
30.41427827,62.09320067,0.964028712,31.6789224,4327.375
31.0336488,63.14266973,0.975007761,32.10902093,4612.857143
31.22641807,63.19209207,0.906359092,31.965674,4882
31.45149127,58.44219167,0.870920262,26.9907004,5135.125
31.4721985,58.87419564,0.631655037,27.40199714,5391.714286
31.29462073,50.15845953,0.471598983,18.8638388,5559.875
31.44660047,51.540208,0.725410408,20.09360753,5733.714286
31.9529074,53.65471587,0.611296238,21.70180847,5926.375
32.07957367,53.01984073,0.652565973,20.94026706,6117
32.37420473,52.76566173,0.559360168,20.391457,6305.5
32.27581187,51.22181007,0.519266135,18.9459982,6476.714286
32.34201053,48.92515073,0.524943236,16.5831402,6645.875
32.46573564,48.31849457,0.534863906,15.85275893,6812.285714
32.45574533,47.4088624,0.484228046,14.95311707,6979.125
31.81478467,46.41744407,0.457150144,14.6026594,7132.142857
31.6578208,43.54560113,0.302686481,11.88778033,7251
30.83621833,39.6094684,0.25664592,8.77325007,7342.142857
30.0257304,36.7043906,0.2275632,6.6786602,7415.25
29.58132927,34.95715533,0.163290324,5.37582606,7480
29.13962607,32.1050026,0.086977631,2.96537653,7516.571429
28.60853564,30.09376086,0.065127653,1.48522522,7540.75
28.17793367,28.66382253,0.033313008,0.48588886,7557.428571
27.79263707,27.22354733,0.010402443,-0.56908974,7563.25
27.43268633,26.25335673,0.003065661,-1.1793296,7564
27.0520792,25.38117267,0,-1.67090653,7564
26.57452987,24.8557904,0,-1.71873947,7564
26.25181073,24.42285167,0,-1.82895906,7564
25.99156107,23.6388794,0,-2.35268167,7564
25.52207653,22.86692293,0,-2.6551536,7564
25.53364047,23.55485433,0,-1.97878614,7564
25.580924,24.16174314,0,-1.41918086,7564
25.6105834,24.43322947,0,-1.17735393,7564
25.57697573,24.29630733,0,-1.2806684,7564
25.56937447,24.1769226,0,-1.39245187,7564
25.5727214,24.30524493,0,-1.26747647,7564
25.53245233,24.24543453,0,-1.2870178,7564
25.4170736,24.08434453,0,-1.33272907,7564
25.31565747,24.1501708,0,-1.16548667,7564
24.6701782,23.41752533,0,-1.25265287,7564
22.479893,21.28826507,0,-1.19162793,7564
21.80762807,20.89023486,0,-0.91739321,7564
21.58188473,20.80005707,0,-0.78182766,7564
21.44609787,20.709676,0,-0.73642187,7564
21.5154318,20.65117787,0,-0.86425393,7564
21.5897746,20.9075114,0,-0.6822632,7564
21.52715873,20.8601236,0,-0.66703513,945.5
21.492806,20.69905987,0,-0.79374613,0
21.3664144,20.52970367,0,-0.83671073,0
21.3732096,20.50499067,0,-0.86821893,0
21.3210645,20.41563629,0,-0.90542821,0
21.29543873,20.294574,0,-1.00086473,0
21.305418,20.40134893,0,-0.90406907,0
21.262144,20.47354133,0,-0.78860267,0
21.25114333,20.46340327,0,-0.78774006,0
21.31638587,20.49529,0,-0.82109587,0
21.3130046,20.61629027,0,-0.69671433,0
21.40104367,20.68991693,0,-0.71112674,0
21.4183166,20.60063273,0,-0.81768387,0
21.39867286,20.53199114,0,-0.86668172,0
21.37410473,20.53302007,0,-0.84108466,0
21.3664836,20.48927813,0,-0.87720547,0
21.41384273,20.515926,0,-0.89791673,0
21.42423293,20.5375876,0,-0.88664533,0
21.4370606,20.5680806,0,-0.86898,0
21.29342033,20.2706728,0,-1.02274753,0
21.24248647,20.14850667,0,-1.0939798,0
21.27621873,20.2370014,0,-1.03921733,0
21.26208493,20.15769047,0,-1.10439446,0
21.22681107,19.82743393,0.001054233,-1.39937714,0
21.15011187,19.7475058,0.007835054,-1.40260607,0.857142857
21.1853698,20.10039453,0.023006843,-1.08497527,5.125
21.3506612,20.921696,0.050395305,-0.4289652,16.28571429
21.59182947,21.91393233,0.083629364,0.32210286,37.875
21.78685107,22.9464376,0.116744907,1.15958653,70.85714286
22.16442873,24.74910873,0.15050792,2.58468,113
22.4847634,25.54150587,0.137154675,3.05674247,162
22.75419527,27.12227373,0.163594894,4.36807846,211.7142857
22.79219264,28.88686486,0.219402269,6.09467222,271.875
23.30529987,32.51051,0.319270414,9.20521013,360
23.72245473,34.3021282,0.257492758,10.57967347,452
23.95977967,33.92372833,0.241486523,9.96394866,533.2857143
24.18511947,33.2824116,0.258889448,9.09729213,611.125
24.40823153,34.40989967,0.371121849,10.00166814,713.8571429
24.94327793,37.55877507,0.430853959,12.61549714,855.25
24.95345873,35.66078087,0.31364225,10.70732214,984
24.9230428,32.24046013,0.304070602,7.31741733,1087.625
24.95966,30.92638079,0.277684483,5.96672079,1190.714286
24.80840247,30.40130007,0.337015237,5.5928976,1306.25
24.85946453,32.48247873,0.348691926,7.6230142,1428.142857
25.07773447,35.4601398,0.426267987,10.38240533,1562.625
25.54298293,41.660313,0.715572958,16.11733007,1753.857143
26.04090373,44.66700847,0.561617874,18.62610474,1968.571429
26.3615418,46.69518427,0.62398843,20.33364247,2167.75
27.0928548,57.69117847,1.151102274,30.59832367,2408
27.6734152,62.91643313,0.799823623,35.24301793,2702.5
28.24220936,60.84071814,1.122550064,32.59850878,2943.857143
28.96689653,62.345989,0.771698892,33.37909247,3229.625
28.82690847,53.6317382,0.645475585,24.80482973,3431.571429
28.9500306,56.0328042,0.949278779,27.0827736,3662.75
29.13891813,53.3879132,0.805623819,24.24899507,3913.571429
29.40827633,55.0262228,0.889705145,25.61794647,4169
29.92807407,54.6619546,0.886393536,24.73388053,4428.285714
30.11400747,54.58146207,0.850795052,24.4674546,4687.5
30.26233913,52.08815493,0.776912684,21.8258158,4936.285714
30.07889021,52.50944736,0.740610471,22.43055715,5173.625
30.49638267,51.013694,0.698364691,20.51731133,5402.428571
30.8197694,47.81379373,0.643363019,16.99402433,5611.625
30.739146,47.6748986,0.593051344,16.9357526,5805.857143
30.83932487,46.91625173,0.539710097,16.07692686,5982.625
31.278884,44.566937,0.481680801,13.288053,6144.142857
31.0069884,42.35145673,0.422747049,11.34446833,6275.857143
30.61301473,39.94118873,0.314396661,9.328174,6385.875
30.77180907,37.85851379,0.305276409,7.08670472,6487.285714
30.710561,36.66297187,0.254787917,5.95241087,6571.25
30.20338127,34.47290047,0.201893609,4.2695192,6641
30.03769333,32.64035633,0.141014269,2.602663,6690.25
29.53439127,30.59927987,0.077071117,1.0648886,6721.714286
28.9436726,28.7049784,0.047860068,-0.2386942,6739.75
28.53600267,27.2036742,0.019436187,-1.33232847,6750.857143
28.10139567,25.64277147,0.003438846,-2.4586242,6753.875
27.70457367,24.64474687,0,-3.0598268,6754
27.33828964,23.92244607,0,-3.41584357,6754
26.9142048,23.59680393,0,-3.31740087,6754
26.37625527,24.04932253,0,-2.32693274,6754
25.91156827,23.50879527,0,-2.402773,6754
25.64443967,23.44923293,0,-2.19520674,6754
25.47801713,23.1894694,0,-2.28854773,6754
25.3493976,23.22278447,0,-2.12661313,6754
24.4812562,23.4801616,0,-1.0010946,6754
24.16049421,22.46791943,0,-1.69257478,6754
23.78360587,21.47575887,0,-2.307847,6754
23.54168293,21.23525587,0,-2.30642706,6754
23.33104853,21.1661254,0,-2.16492313,6754
23.26649373,21.26184707,0,-2.00464666,6754
23.24779667,21.25251887,0,-1.9952778,6754
23.227238,21.09368707,0,-2.13355093,6754
23.36821887,21.33069053,0,-2.03752834,6754
23.29979453,21.2270346,0,-2.07275993,6754
23.2678135,21.47387486,0,-1.79393864,6754
23.30852247,21.4654338,0,-1.84308867,6754
23.170756,21.07266833,0,-2.09808767,0
23.11339927,21.02477813,0,-2.08862114,0
23.27762647,21.41603587,0,-1.8615906,0
23.664211,22.22629593,0,-1.43791507,0
23.67028613,22.42146,0,-1.24882613,0
23.73268627,22.616561,0,-1.11612527,0
23.73919267,22.34160987,0,-1.3975828,0
23.57107114,22.01438043,0,-1.55669071,0
23.53009227,21.83661093,0,-1.69348134,0
23.43905027,21.8317772,0,-1.60727307,0
23.38316447,21.6668702,0,-1.71629427,0
23.1820678,21.1325806,0,-2.0494872,0
23.021513,21.1587972,0,-1.8627158,0
22.88455607,20.9923156,0,-1.89224047,0
22.88736367,21.12590947,0,-1.7614542,0
22.85251079,21.19331814,0,-1.65919265,0
22.62314047,20.7485924,0,-1.87454807,0
22.53752647,20.76944987,0,-1.7680766,0
22.42528687,20.81265667,0,-1.6126302,0
22.25009353,20.68480227,0,-1.56529126,0
22.24558513,20.75850213,0,-1.487083,0
22.04795533,20.42230827,0,-1.62564706,0
22.0624776,20.4159872,0,-1.6464904,0
22.02170413,20.64618727,0,-1.37551686,0
21.99744529,20.77739386,0.001295016,-1.22005143,0
21.98220433,20.87963467,0.009281436,-1.10256966,0.428571429
22.0364666,21.22901807,0.03161977,-0.80744853,6.25
22.34989833,22.10098267,0.056522988,-0.24891566,20.85714286
22.65153,22.8058308,0.071650176,0.1543008,41.75
22.7655192,23.1308492,0.082450547,0.36533,66.71428571
22.78110747,23.7335226,0.089273641,0.95241513,95
22.9010762,24.93784793,0.133202151,2.03677173,133.4285714
23.24462273,26.08335367,0.15224982,2.83873094,183.5
23.50749207,26.79229507,0.182126814,3.284803,239
23.89930027,29.06023367,0.242738399,5.1609334,312.375
24.37055067,32.55040273,0.306856589,8.17985206,407.7142857
24.73847653,36.2081646,0.509690432,11.46968807,530.625
25.1560954,42.94506233,0.505852509,17.78896693,686.8571429
25.63316453,41.67780593,0.354595126,16.0446414,815.25
26.22048947,42.41054713,0.636436495,16.19005766,962.4285714
26.57203993,42.26560887,0.428165058,15.69356894,1116.428571
26.7760782,41.78150213,0.472579002,15.00542393,1310.125
27.0006715,42.06565843,0.729714709,15.06498693,1542.285714
27.968046,52.7022728,1.019164861,24.7342268,1834.875
28.05637,52.40853673,0.72428377,24.35216673,2098.571429
28.0176412,47.20071227,0.520534991,19.18307107,2288.5
28.252118,47.37004793,0.636582081,19.11792993,2567.285714
28.6178812,48.2932862,0.769237618,19.675405,2872.125
29.2730122,51.36660553,0.518191317,22.09359333,3158.142857
29.26160693,49.6573588,0.635664249,20.39575187,3397.125
29.22341507,51.2609924,0.661362177,22.03757733,3610.571429
29.47718507,48.67124007,0.478278181,19.194055,3781.75
30.28202614,56.95899536,1.034329982,26.67696922,4015.142857
30.40266307,58.3018188,0.681556413,27.89915573,4263.25
30.6310384,54.56202767,0.526358505,23.93098927,4380.714286
30.10173753,48.06596087,0.411192531,17.96422334,4526.25
29.92045487,41.7656986,0.441856776,11.84524373,4605.857143
30.8515666,55.29098947,0.875862745,24.43942287,4802.5
31.1993794,54.79211027,0.588487235,23.59273087,5036.857143
30.05372713,40.58806333,0.155080448,10.5343362,5109
29.1820414,35.28159567,0.181043529,6.09955427,5166.125
27.56227564,31.20222914,0.141859767,3.6399535,5223.142857
27.4072612,30.09203693,0.132131754,2.68477573,5266
27.53361213,32.33926173,0.216160705,4.8056496,5332.571429
27.73206187,33.55478473,0.205583812,5.82272286,5404
27.55705773,33.73647673,0.199047029,6.179419,5475
27.7056072,32.5780582,0.141517343,4.872451,5533
27.8887166,31.47747387,0.119312342,3.58875727,5577.285714
27.969102,31.01694347,0.121503346,3.04784147,5618.375
28.14049643,31.05289986,0.132920861,2.91240343,5662
28.146706,30.94611407,0.122356588,2.79940807,5705.75
27.9943766,30.28926387,0.097104479,2.29488727,5743.857143
27.8205282,29.2812134,0.071321883,1.4606852,5771.5
27.54807327,28.1415934,0.046707219,0.59352013,5791
27.19085307,26.82372033,0.019209931,-0.36713274,5801.125
26.81842647,25.48914787,0.003352964,-1.3292786,5803
26.5084412,25.07378133,0,-1.43465987,5803
26.16729933,24.48174433,0,-1.685555,5803
25.76065473,23.73986813,0,-2.0207866,5803
25.51205664,23.41777036,0,-2.09428628,5803
25.28888553,22.99648047,0,-2.29240506,5803
25.0992248,22.6188314,0,-2.4803934,5803
24.9269836,22.3128926,0,-2.614091,5803
24.73424893,22.05540973,0,-2.6788392,5803
24.59129227,22.104187,0,-2.48710527,5803
24.46307973,22.1804992,0,-2.28258053,5803
24.31377573,22.17957767,0,-2.13419806,5803
24.13310953,22.0253376,0,-2.10777193,5803
24.0184805,21.83034421,0,-2.18813629,5803
23.91044507,21.8468058,0,-2.06363927,5803
23.79734907,21.6842774,0,-2.11307167,5803
23.67476807,21.37980553,0,-2.29496254,5803
23.670292,21.69107053,0,-1.97922147,5803
23.79543447,22.06777753,0,-1.72765694,5803
23.72790113,21.662972,0,-2.06492913,5803
23.497284,21.05140173,0,-2.44588227,5803
23.24469787,20.77456047,0,-2.4701374,5803
